Frequency,Word
18,vocabulary
10,buttons
9,core
8,touchchat
8,device
7,using
5,school
5,yes
5,just
5,slp
4,use
4,words
4,access
4,set
4,learn
4,think
4,items
3,wordpower
3,want
3,feel
3,time
3,page
3,cognitive
3,teaching
3,communicate
3,start
3,aac
3,need
3,trying
2,working
2,application
2,outside
2,therapy
2,deleted
2,cells
2,different
2,eat
2,drink
2,clear
2,button
2,dad
2,team
2,allow
2,recommendation
2,research
2,anyone
2,done
2,right
2,involved
2,collaborate
2,able
2,continue
2,setup
2,typically
2,based
2,anything
2,less
2,speak
2,children
2,range
2,utterances
2,tangible
2,added
2,clients
2,made
2,help
2,mom
1,year
1,old
1,ipad
1,private
1,speech
1,owned
1,sole
1,programmers
1,appears
1,order
1,grid
1,program
1,include
1,go
1,away
1,feelings
1,open
1,fringe
1,juice
1,water
1,sensory
1,music
1,squeezes
1,colors
1,backgrounds
1,including
1,add
1,additional
1,variety
1,communicative
1,functions
1,greetings
1,answering
1,personal
1,questions
1,commenting
1,directing
1,others
1,clinical
1,actual
1,pageset
1,part
1,however
1,positive
1,collaborative
1,evidence
1,data
1,support
1,wondering
1,else
1,across
1,means
1,electronic
1,custom
1,board
1,provide
1,insight
1,benefits
1,supporting
1,vocabularies
1,designed
1,sorry
1,write
1,detailed
1,reply
1,initial
1,thoughts
1,limited
1,original
1,sounds
1,recommending
1,wp
1,agree
1,choose
1,number
1,person
1,physically
1,receptive
1,ability
1,starting
1,great
1,fantastic
1,fabulous
1,idea
1,client
1,powerful
1,limiting
1,opportunity
1,things
1,sentence
1,construction
1,single
1,always
1,best
1,student
1,knows
1,build
1,developing
1,limit
1,speaking
1,keep
1,sentences
1,simple
1,concrete
1,repeating
1,child
1,needs
1,modelled
1,reason
1,bigger
1,one
1,users
1,location
1,remember
1,takes
1,load
1,students
1,starts
1,learns
1,expand
1,change
1,place
1,someone
1,changing
1,letters
1,keyboard
1,spend
1,looking
1,keys
1,detract
1,message
1,look
1,lamp
1,language
1,acquisition
1,motor
1,planning
1,info
1,somehow
1,overwhelming
1,hide
1,settings
1,developed
1,nancy
1,inman
1,specializes
1,pages
1,user
1,create
1,novel
1,minute
1,send
1,resources
1,places
1,praacticalaac
1,org
1,request
1,thrown
1,designated
1,problem
1,charge
1,programmed
1,month
1,level
1,low
1,compared
1,vocab
1,hard
1,establishing
1,relationship
1,clinic
1,virtually
1,impossible
1,together
1,seems
1,power
1,complex
1,effecting
1,general
1,parents
1,recommend
1,expanded
1,back
1,september
1,removed
1,preferred
1,strange
1,already
1,seemed
1,completely
1,unnecessary
1,additions
1,independently
1,consistently
1,besides
1,sometimes
1,hi
1,guys
1,fix
1,pronunciation
1,word
1,teletherapy
1,play
1,around
1,unfortunately
1,hands
1,trial
1,error
1,anyway
1,accurately
1,pronounce
1,dada
1,little
1,kid
1,call
1,comes
1,sounding
1,inflection
1,ta-da
1,suggested
1,lots
1,vowel
1,combos
1,spellings
1,luck
1,appreciated
1,even
1,copy
1,paste
1,ipa
1,symbol
1,internet
1,put
1,tc
1,recognized
